<?xml version="1.0" encoding="UTF-8"?>
<project-private xmlns="http://www.netbeans.org/ns/project-private/1">
    <editor-bookmarks xmlns="http://www.netbeans.org/ns/editor-bookmarks/1"/>
    <editor-bookmarks xmlns="http://www.netbeans.org/ns/editor-bookmarks/2" lastBookmarkId="0"/>
    <open-files xmlns="http://www.netbeans.org/ns/projectui-open-files/2">
        <group>
            <file>file:/C:/Users/Nikhil/Desktop/Kautilya/CHANGELOG</file>
            <file>file:/C:/Users/Nikhil/Desktop/Kautilya/lib/src/reverse_udp.ino</file>
            <file>file:/C:/Users/Nikhil/Desktop/Kautilya/kautilya.rb</file>
            <file>file:/C:/Users/Nikhil/Desktop/Kautilya/lib/src/methods.rb</file>
            <file>file:/C:/Users/Nikhil/Desktop/Kautilya/Gemfile</file>
            <file>file:/C:/Users/Nikhil/Desktop/Kautilya/lib/src/reverse_https.ino</file>
            <file>file:/C:/Users/Nikhil/Desktop/Kautilya/lib/src/reverse_icmp.ino</file>
            <file>file:/C:/Users/Nikhil/Desktop/Kautilya/lib/src/dump_passwords.ino</file>
            <file>file:/C:/Users/Nikhil/Desktop/Kautilya/TODO.txt</file>
            <file>file:/C:/Users/Nikhil/Desktop/Kautilya/lib/src/reverse_tcp.ino</file>
        </group>
    </open-files>
</project-private>
